image_id,caption_len,n_layers,residual_ratio,head_tail_ratio,model_id,prompt_key,caption_ref
000000000139,341,24,0.9762802016265472,0.6124832497366758,HuggingFaceTB/SmolVLM-Instruct,caption_long,"The image depicts an interior space that appears to be part of a modern living room or dining area, with a distinct architectural style characterized by clean lines, minimalist design, and natural materials. This room is bathed in warm sunlight, indicating it is likely situated in a sunny climate or near a window that allows ample natural light.

At the center of the image, there is a large dining table set with wooden chairs. The table is decorated with floral arrangements, which adds a touch of elegance and warmth to the space. The lighting fixtures are positioned above the table, suggesting they serve not only as decor but also as practical sources of illumination during daylight hours. 

On one side of the dining area, we can see a portion of what might be another room, possibly a kitchen or living room, indicated by glimpses of furniture and decorative elements. The walls are painted in earth tones like beige and yellow, complemented by the wood flooring that creates a sense of rustic charm. The kitchen features sleek stainless steel appliances, highlighting its modernity while maintaining a connection to nature through earthy tones.

The overall aesthetic evokes a contemporary yet cozy atmosphere, emphasizing simplicity and functionality without sacrificing comfort. The placement of furnishings and decorative items ensures harmony within the space, creating a welcoming environment conducive to relaxation and socializing. 

**Interpretation:**
The text does not provide any additional context beyond describing the visual elements present in the image. Given the composition and choice of colors, this space could be intended for a family home or an open-concept living area designed to maximize privacy and connectivity between different rooms. The presence of both traditional and modern elements indicates a balanced approach to decor, prioritizing functionality over excessive ornamentation."
000000000285,512,24,0.9811186073084422,0.5124476816090947,HuggingFaceTB/SmolVLM-Instruct,caption_long,"The image depicts a solitary grizzly bear against an open grassy terrain with patches of dirt or dried grass scattered around its body. The focus is on this adult male grizzly bear, which appears to be standing upright and positioned at a slight angle towards the camera. Its head is facing slightly left, capturing most of the viewer's attention. 

The grizzly bear has a distinctive coloration that combines elements from both brown and tan hues. The fur around its neck is darker than the rest of its coat, featuring shades of dark brown and black. This color pattern extends downward onto his chest and upper body. His ears are erect and have a triangular shape typical of bears, indicating attentiveness. He has a prominent snout with visible nostrils, followed by wide lips that may indicate his readiness to vocalize or communicate. The eye sockets are relatively small compared to other animals, adding to the seriousness and intensity of his expression.

His paws, though not prominently featured due to their size and depth within the frame, are clearly visible as they show a well-defined texture indicative of walking over a natural ground surface. There is a noticeable patch of light reflecting off one of his pads, possibly indicating a wet or muddy surface.

In the background, there is a patch of green grass near the bottom right corner of the image. This green backdrop adds context to the grizzly bear’s environment, suggesting it might be in a natural forested area or woodland where such bears can thrive. However, given the composition and positioning of the bear itself, it seems more likely that he could be in captivity rather than in his native habitat.

To summarize:

1. **Foreground**: Grizzly bear
2. **Background**: Green grass or forest area (implied)
3. **Colors**: Brown and tan coloration across the bear's body and face
4. **Trichome detail**: Highlighting the bear’s fur texture
5. **Attributes**: Erect ears, large eyes, broad snout, alert demeanor
6. **Gait/Environment**: Standing upright in a controlled stance, surrounded by grass or a wooded area.
7. **Focus**: Predominantly the grizzly bear’s face.
8. **Contextual information**: Likely in captivity.
9. **Miscellaneous details**: No visible markings or distinguishing features apart from general bear characteristics.

This comprehensive description should enable any text model to answer questions related to the content of the image based on the visual cues provided. For instance, if"
000000000632,493,24,0.9508186729554361,0.19808319916064596,HuggingFaceTB/SmolVLM-Instruct,caption_long,"The image depicts a cozy bedroom with a prominent window at its center. The room is bathed in warm sunlight, casting shadows on the wooden furniture and walls. The window reveals a lush green tree outside, indicating that it is daytime. There are three windows in total in this bedroom; one above the bed to the right, another to the left, and a third one to the far back wall behind the bed. Each window showcases an expanse of natural greenery, providing ample light and views of the surroundings.

In front of the bed, there is a plush blue comforter which appears soft and inviting, suggesting comfort and relaxation. A chair positioned centrally beneath a decorative, heart-shaped piece adds a touch of elegance to the space. Next to the bed, a small basket filled with potted plants sits near the window, adding a touch of nature into the otherwise indoor environment.

On the left side of the bed is a vanity table adorned with several pieces of furniture such as a dresser, mirror, and a few other items. Above the vanity table hangs a lamp with a traditional design. This piece provides additional lighting, enhancing the overall ambiance of the room.

Behind the vanity table, a sizable bookshelf spans two walls, offering numerous shelves lined with thick books of varying colors and sizes. Some of these books appear to be hardcover, while others seem to be paperbacks. These books add depth and personality to the room by serving both functional and aesthetic purposes. 

The floor is covered in carpeting, which complements the wood tones of the furniture and enhances the warmth of the space. The ceiling has a simple design without any notable features, contributing to the clean and organized look of the room. Overall, the layout emphasizes comfort and functionality, creating a serene atmosphere that invites restfulness.

Given the composition of the room, it can be inferred that the user values simplicity and functionality over clutter or excessive decor. The absence of personal touches like paintings or photographs suggests a preference for minimalism. The presence of natural elements like trees and plants indicates an interest in nature and its calming effects. The use of neutral colors (blue, white, brown) ensures that the room feels spacious and homely but not overwhelming.

Thus, the bedroom described in detail exhibits a balance between aesthetics and utility, reflecting a desire for a peaceful retreat that combines practical design with elements that promote tranquility and well-being."
000000000724,348,24,0.945952570023797,0.25513509283527896,HuggingFaceTB/SmolVLM-Instruct,caption_long,"The image depicts an outdoor setting on what appears to be a sunny day with clear skies and minimal cloud coverage. The primary object in focus is a stop sign prominently displayed in the center of the frame. The stop sign has a bright red background with white lettering reading ""STOP"" in bold capital letters. Below this, there's a smaller sign that says ""WALK"" above a pedestrian crossing symbol consisting of a series of curved lines, likely indicating when it is safe for pedestrians to cross the street. 

The sign is mounted onto a metal post located at the edge of a sidewalk or curb, making it highly visible from both sides. The sidewalk is paved with asphalt and is bordered by some low green shrubs. These plants are positioned along either side of the frame, providing a natural contrast against the hard pavement. Behind the sign, there is a road where vehicles can be seen parked alongside the curb. In the distance, there are buildings and structures partially visible behind trees, suggesting urban planning with residential housing nearby.

Further back, tall trees with lush green foliage line the area. The sky is clear, allowing ample sunlight to penetrate. There are also some clouds dotting the horizon but they appear sparse compared to the overall brightness of the scene. The lighting suggests it might have been taken during midday, indicated by the even illumination throughout the frame.

In summary, the image showcases a vibrant outdoor environment characterized by a prominent stop sign, pedestrian safety markings, well-maintained sidewalks, lush greenery, and typical urban infrastructure elements such as roads, vehicles, and residential housing in the vicinity. The weather seems pleasant due to the clear skies, highlighting the importance of the stop sign’s function in regulating traffic flow."
000000000776,459,24,0.9859517888070952,0.7729453755802271,HuggingFaceTB/SmolVLM-Instruct,caption_long,"The image depicts three teddy bears huddled closely together on what appears to be a couch or a similar soft surface, with only part of their bodies facing outward. Each bear has short, plush fur that is warm and inviting. Their faces are expressive, with large black eyes, noses, and mouths, giving them a lifelike appearance.

The leftmost bear stands slightly behind the middle one but still remains connected, its arm draped over the other two. This bear seems more relaxed, with a gentle expression. Its head is tilted slightly downward, as if it's looking at something below the frame.

The middle bear is positioned centrally and is the largest of the three. It has a friendly posture, resting its arms across the shoulders of the other two. Its cheeks are rounded, its ears are perked up, and there’s a subtle hint of a smile. This pose suggests a friendly camaraderie among the bears.

On the right side, the last bear stands next to the others but leans slightly towards them, with its arms raised to hug the middle bear tightly. This bear also exhibits a friendly demeanor, evidenced by its body language and facial expressions.

The background shows a bit of cloth or fabric, likely a blanket or sheet, which could be part of the couch or another piece of bedding. There’s some light, possibly coming from outside the frame, which illuminates the bears and creates a soft, cozy atmosphere.

Based on these observations, we can infer that these bears represent love, warmth, comfort, and companionship, which aligns well with their affectionate poses. They appear to be cuddling together against someone or something comforting, likely suggesting emotional support or protection from negative emotions.

**Analysis:**
Teddy bears have been used historically as symbols of friendship, security, and care. They often represent familial bonds or close human connections. This type of bonding through shared spaces, such as being nestled close to each other, is indicative of deep emotional attachment.

**Conclusion:**
From this detailed observation, it is clear that the three bears signify unity, affection, and protection. Their postures suggest a sense of belonging and a supportive environment, making them an appealing symbol of emotional connection and personal comfort."
000000000785,131,24,0.9181146546214195,0.44492846731847446,HuggingFaceTB/SmolVLM-Instruct,caption_long,This photograph shows a woman standing on skis going down a snowy slope at a ski resort. She is dressed in a red snowsuit with black pants underneath it. The woman has a white beanie hat on and sunglasses. She holds two ski poles which are both brown and have the ends facing upwards while she stands on the skis that she wore on her feet. There are several other skiers further up on the mountain who are skiing through various parts of the mountain. The skier on the bottom right appears to be having fun as they go down the slope at a moderate speed. The background of the photo includes large hills covered in snow.
000000000802,360,24,0.9640221374593979,0.37739253043763316,HuggingFaceTB/SmolVLM-Instruct,caption_long,"In this medium shot, we see an interior view of what appears to be a kitchen. The walls are painted in a warm light brown color, with white countertops on top of it. 

The floor is tiled in beige tiles that run parallel to each other, forming a neat pattern throughout the entire area. There is also a small hallway entrance to the right side of the picture, which has a bit more depth compared to the rest of the room.

Central to our view is a white refrigerator, which stands tall with its front doors open. It’s placed next to the wall, making a right angle with another element—a stove. The stove looks old and vintage with round burner elements and a ceramic oven underneath. Above both appliances, there are several wood cabinets. Each cabinet door is painted in a light yellow or peach tone, with three horizontal rows of doors creating a simple but functional design.

Above these cabinets, mounted on the ceiling, is a single fluorescent light fixture. This lighting is typical for kitchens from the 1970s, as they were commonly used during that time period. The light fixtures are spaced evenly apart horizontally to provide even illumination within the kitchen area. 

To the left of the stove, we can see part of what seems like a microwave built into the wall, although the visible part doesn't seem to have much use at the moment. Another notable feature is a water dispenser, positioned centrally above the fridge, likely to keep bottled drinking water at room temperature. A smaller appliance might be attached near the edge of the countertop closer to the stove. 

Overall, the kitchen appears fairly minimalistic yet clean, with its focus being centered around the utility functionality of the kitchen equipment rather than decorative aesthetics."
000000000872,512,24,0.9335183357321211,0.1384787117706186,HuggingFaceTB/SmolVLM-Instruct,caption_long,"The picture depicts an event on a baseball field during a game. Two male players are involved in this photograph; one is wearing a white jersey with dark pants while the other is clad in a green shirt and gray pants. The player in white seems to be running towards first base, whereas the other player appears to be leaping backward, attempting to catch a baseball.

The background shows lush greenery, suggesting it’s either early morning or late afternoon when the sun casts long shadows across the grass. There are tall leafy trees interspersed among the grass, which provide ample shade under their branches.

In the foreground, there's a fence demarcating the boundary of the playing area. This serves as both a barrier between the ballpark and the adjacent landscape and also helps manage spectators' view of the game from outside the stands.

Both players have black gloves on - a standard protective item used during sports like baseball. 

Based on visual cues and logical inference, we can surmise that:

1. **Setting**: The location seems to be a well-maintained baseball field due to the uniform design of the grassy strip where the action takes place and the presence of a protective net fencing.
2. **Participants**:
   - The player in white likely plays a defensive role (e.g., catching balls) since he's positioned near first base.
   - The player in green plays an offensive role, possibly trying to score or avoid being tagged out by the defensive team.
3. **Action**:
   - Player in white runs toward home plate, indicating they're about to attempt scoring.
   - The player in green attempts to catch the ball mid-air, aiming at securing a play.
4. **Observations**:
   - The player in white is focused on reaching first base quickly.
   - The player in green is closely observing the trajectory of the ball, indicating attention to detail crucial in such scenarios.
   - The interaction suggests intense concentration, indicative of competitive spirit common in sports.
5. **Contextual Knowledge**: Baseball fields often seen in organized sports settings, emphasizing teamwork dynamics and physical skills essential for each position.

Given these observations, let's address potential questions based on the provided information.

**Question 1:** What is the primary action taking place in this image?
Answer: A player in white is attempting to reach first base, while another player is jumping in an effort to catch a baseball mid-air.

**Question 2:** Who is"
000000000885,384,24,0.9653336133422455,0.3673665810503619,HuggingFaceTB/SmolVLM-Instruct,caption_long,"The image captures a moment during a tennis match on a large indoor court with a blue wall that bears the logo ""J.P. Morgan"" prominently displayed at the top of the wall. The players appear to be engaged in a dynamic action as one player is seen reaching for a ball with his racquet while another is standing nearby, possibly observing or preparing for the next move. 

The court itself has a green surface with dark blue lines indicating the boundaries of each side, suggesting it is an outdoor court that has been converted into an indoor facility, likely due to weather conditions or tournament schedules. This indoor setup adds to the formal aesthetic of the event, giving it an air of sophistication and high-stakes competition.

On the left side of the court, there is a man wearing a black shirt and dark pants, who appears to be watching the game intently. He is positioned behind the player's line, which indicates he might be part of the coaching staff. There are also other individuals present around the court but not close enough for a detailed examination, including spectators seated in rows further back.

The background shows a section of the audience partially visible through a window-like opening, which suggests that the venue might be a grand hall or a stadium designed for high-profile sporting events like this. The atmosphere seems intense and focused, given the intensity of the play being shown and the presence of professional athletes.

Given the attire worn by the players - athletic clothing suitable for intensive physical activity combined with branding that signifies sponsorship support – we can infer that this could be a significant match involving notable athletes sponsored by well-known brands such as Polo, indicative of professional tournaments like the ATP Tour.

In summary, this photograph illustrates an intense moment from what appears to be a highly competitive tennis match held indoors at what looks like an exclusive sports arena with branded facilities catering to big names in the sport."
000000001000,512,24,0.9681708685315622,0.29997790509239086,HuggingFaceTB/SmolVLM-Instruct,caption_long,"The image depicts a group of young children standing on a tennis court with their coach. The focus is primarily on the children and the environment surrounding them. 

1. **Children**: There are several boys and girls wearing athletic attire, consisting mainly of tennis outfits like white or light-colored shirts and shorts or pants. They appear to be between 6 to 12 years old, indicating they might belong to the younger age group at this tennis academy.

2. **Coach**: Positioned near the front, slightly behind the children, is a male figure who appears to be coaching or instructing the kids. He seems focused on them, suggesting he's giving instructions or encouragement. His outfit suggests it’s likely he’s a professional or well-trained individual in sports training.

3. **Tennis Equipment**: The presence of various tennis racquets and balls indicates that the individuals are either participants or about to participate in tennis activities. Some of the equipment includes high-quality brands such as Wilson and Prince. The presence of more than one brand signifies different models being used by the players.

4. **Surroundings**: The tennis court is made of blue-green rubber tiles which give a modern look suitable for playing tennis. It has an elevated platform around it, creating a raised area for safety reasons and making the surface smoother when wet. In the background, there are green fences and netting, which is typical for most tennis courts. Behind the fencing, you can see trees, hinting it could be an outdoor setup for practice sessions during pleasant weather conditions.

5. **Other Details**:
   - Some of the children have small bags or backpacks hanging from their shoulders. This may indicate they're carrying personal belongings or extra items they'll need during their session.
   - One child stands out with a unique headgear; perhaps a visor or protective cap, indicative of protection against sun exposure common in sports environments.
   - The positioning of some children indicates they might be siblings, friends, or part of a local tennis club. 
   - The overall atmosphere exudes a fun, energetic vibe typical of sports camps where children learn, play, and bond together while improving their skills under professional guidance.

### Analysis and CoT (Chain of Thought) Description:

1. **Setting**: The location provides essential information for understanding the context. The setting is a tennis court, a popular sport among children due to its accessibility and relatively low cost compared to other sports like soccer or basketball. The use of elevated"
000000001268,404,24,0.9621139626553097,0.31823243582773936,HuggingFaceTB/SmolVLM-Instruct,caption_long,"The image depicts a picturesque outdoor scene set against the backdrop of a cityscape featuring an urban waterway and a bridge. The foreground is dominated by a woman standing on a stone surface near the water's edge. She appears to be taking a photograph with her camera, holding it up to her right eye as she looks through its viewfinder. Her outfit includes a red shirt with thin straps over the shoulders, dark pants that are possibly patterned, and a brown handbag hangs from her left shoulder. 

The bridge under which they stand spans the river, with its steel structure providing a contrasting silhouette against the natural greenery of the surroundings. The bridge has multiple curved sections highlighted by its metal framework, which creates a dynamic pattern in the frame. The top portion of the bridge extends upward into the skyline, where there are buildings and trees silhouetted against the horizon.

In the background, there are other people seated or standing on the stone banks opposite the river. These individuals seem to be enjoying a peaceful day out, perhaps watching boats passing by or engaging in conversations. One person, wearing a blue shirt and holding what seems like a book, is leaning slightly towards the water. Another figure is seated closer to the water, possibly reading a newspaper or magazine. This individual is partially obscured but is identifiable as another person from their attire.

The water itself is calm, reflecting light from above. There is a bird standing on a rock near the middle of the image, facing toward the left side. The bird’s feathers appear soft and plump, and its legs extend downward. It is not clear if this bird is swimming, perched, or just resting on the rock.

Overall, the scene exudes tranquility and reflects an idyllic moment captured during daylight hours in a city. The lighting suggests either morning or afternoon sunlight, highlighting the warmth and serenity of the scene. The composition of the elements in the foreground and background combines nature with human activity, creating a harmonious blend of aesthetics."
000000001296,74,24,0.9481583427446649,1.325326579500404,HuggingFaceTB/SmolVLM-Instruct,caption_long,In this picture we can see a girl is holding her mobile phone and she is looking at it. On top of the mobile phone there is an object which has some text on it and some images on it. In the background there are some other people who are standing and they seem to be busy with their own work. These two girls have a watch around their necks.
000000001353,504,24,0.9788818594467021,0.4644554496000006,HuggingFaceTB/SmolVLM-Instruct,caption_long,"The image depicts a scene set up for a child train ride at what appears to be a small indoor amusement park or event space. Several children are standing on either side of a toy model train track, watching as it moves along the tracks. Each child is wearing casual clothing appropriate for an outdoor activity. Some children have jackets or hooded sweatshirts, indicating a chilly environment.

The toy train consists of a simple red engine with cream-colored carriages attached behind it. The train tracks run parallel to each other, running from left to right across the scene. There is a slight bend in the tracks near the end, where the trains seem to go out of view beyond the edge of the frame.

Several children are gathered together close to one another, appearing engaged and possibly excited about the ride. One child sits inside the train car facing forward while the others stand beside him, eagerly looking ahead toward the train. This suggests they are likely enjoying the train ride.

Behind the train, there is part of a larger structure that resembles a playhouse or small building, though it's not entirely clear due to the angle. It includes colorful elements such as a bright yellow sign and red accents. 

There is also some visible flooring beneath the train which seems to be wood or tile, giving an impression of being in a brightly lit indoor environment. There is no visible ceiling or sky, leading to a somewhat enclosed atmosphere within the amusement park space.

Given the presence of several young children and the typical layout of a train ride setup, this scenario would typically take place during daylight hours when weather conditions allow for outdoor rides but are indoors for safety reasons. The use of smaller, toy train sets indicates a low-cost, family-friendly attraction designed for entertainment purposes rather than actual transportation.

**Analysis:**
1. **Setting**: Indoor amusement park or event space.
2. **Activity**: Train ride experience.
3. **Attire**: Casual clothes suitable for outdoor activities.
4. **Objects**: Toy train, train cars, tracks, playhouse/building elements.
5. **Children**: Eagerly watching the train.
6. **Environment**: Bright, well-lit with colorful features suggesting an enjoyable space for children.
7. **Safety considerations**: The setting implies adherence to safety standards common in public spaces like amusement parks or small businesses.

This description provides enough detail to help someone create a vivid mental picture if necessary."
000000001425,512,24,0.9693768523569214,0.3121798458423328,HuggingFaceTB/SmolVLM-Instruct,caption_long,"The image shows a close-up shot taken from a slightly elevated angle, focusing on an appetizing platter with one half pulled away to show its juicy interior. The platter is made of white ceramic or porcelain, which contrasts sharply with the dark filling inside.

The centerpiece rests on the platter, positioned at a slight angle to allow for easy cutting into, ensuring the meat can be easily discerned. The slice includes some crusty bread texture typical of sandwiches, adding a rustic charm to the presentation. This type of sandwich often features a hearty spread including cheese slices between two halves of bread.

In the background, there's a small dish on the right side of the plate containing additional components of the meal—likely another type of food such as salads or sides. This setup suggests that this is part of a multi-course dining experience, where different courses are served consecutively and presented beautifully on individual plates.

At the top left corner, you can see a faint blur of light indicating a potential overhead light source creating soft shadows. The plate itself is round, likely held in place by the camera or placed directly against the wall behind it.

To answer your specific questions about the image:

1. **Type of Meal**: The image depicts what appears to be a prepared meal or appetizer rather than a full dinner due to the nature of the presentation and contents visible.
2. **Food Type**: It’s likely a sandwich given the characteristics mentioned earlier (the sandwich bread, fillings, and partial removal).
3. **Presentation**: The arrangement on the plate indicates a focus on portioning out bite-sized pieces of each component, maximizing accessibility to multiple diners.
4. **Background Objects**: The small dish hinting at additional course options further emphasizes the quality and attention paid to presentation. 
5. **Meal Setting**: This meal seems to be set up casually yet elegantly, suggesting it could be enjoyed during casual dining events such as gatherings, parties, or intimate meals at home.
6. **Colors**: The primary color palette consists of black and white, which adds a stark contrast effect but also provides a minimalist look appealing to those who appreciate clean lines and simple elegance in their meals.
7. **Contextual Details**: The blurred background suggests indoor settings like restaurants, cafes, or homes where the focus is more on visual appeal over extensive food preparation.

By examining these elements, we understand the intentionality behind the composition, emphasizing both aesthetic and practical"
000000001490,482,24,0.9394660375975102,0.16267979155636958,HuggingFaceTB/SmolVLM-Instruct,caption_long,"A black and white photograph captures an individual standing on what appears to be a paddleboard or surfboard while using a paddle to propel themselves through water. The person is dressed in a wet suit or wetsuit, which includes protective gear that may include neoprene sleeves and possibly flippers, as well as gloves. Their posture suggests they are engaged in some form of water sports activity involving paddling, possibly surfing or stand-up paddleboarding (SUP).

In the background, there is a body of water that stretches towards the horizon where a few buildings can be faintly discerned against the skyline. This portion of the image shows part of the shoreline, indicative of either coastal or riverine locations where this type of water activity would often occur. The water itself is calm with only a few small ripples indicating movement without major waves. 

There’s no indication of tides or other significant weather patterns, suggesting it might have been taken during fair weather conditions, allowing for clear visibility. There's also a sense of isolation, perhaps due to being far away from civilization, emphasized by the lack of any visible signs of human habitation aside from distant structures barely identifiable in the distance.

From a historical perspective, such activities were popularized during the 1950s and became widely accessible with the invention of modern equipment like the paddle board. Surfing has since evolved into various styles including Stand Up Paddleboarding (SUP) which emphasizes balance, core strength, and endurance training.

The person in the image could be participating in recreational water activities such as SUP, particularly popular for those seeking relaxation, exercise, or adventure. The setup indicates preparedness, with a typical outfit suitable for moderate physical exertion while navigating water conditions.

This type of outdoor sport has gained considerable popularity worldwide over recent years due to its health benefits, scenic beauty, and ease of access provided by contemporary equipment designs. The simplicity of the setup makes it accessible to people who may not enjoy more physically demanding forms of aquatic exercise but still desire to explore nature or engage in leisurely pursuits.

In summary, the image depicts someone enjoying an outdoor pastime common in both leisure and competitive contexts. It reflects environmental awareness, lifestyle choices, and technological advancements aimed at enhancing the experience of engaging with natural environments. The serene ambiance underscores themes of tranquility and personal wellness amidst the dynamic backdrop of water bodies."
000000001503,512,24,0.97933551611225,0.4673787759230881,HuggingFaceTB/SmolVLM-Instruct,caption_long,"The image shows a modern home office setup featuring an Apple computer monitor placed atop a white desk with various accessories arranged around it. The primary focus is on a sleek, silver MacBook Pro laptop, which appears to be open. Next to the laptop are two small desktop speakers, both appearing spherical and made of translucent material that diffuses light. To the left of these speakers is a stack of files or documents sitting on top of a smaller white box likely serving as a file cabinet or organizer. To the right of the laptop and speakers, there’s an Apple Magic Keyboard, positioned above the keyboard on the desk. In front of the keyboard, closer to the viewer, is a MacBook Air. This machine has been opened, revealing its screen and showing faint text or graphics on the display. Behind the MacBook Air, partially obscured by the monitor but still clearly identifiable, is a larger Apple speaker system, also circular and illuminated by a soft glow emanating from within. 

On the far left side of the desk is a white iPhone, suggesting the presence of a digital device capable of handling calls or messages, given the typical use case for smartphones like this one. A lamp with a white shade hangs over the desk area, providing additional illumination. The overall color scheme is predominantly white, with minimal dark elements such as shadows cast by objects on the desk.

A few notable observations can be made about this setup:

1. **Macintosh Computers**:
   - The central MacBook Pro signifies the owner's preference for Mac products.
   - The Apple Magic Keyboard indicates a preference for premium, high-quality keyboards.
   
2. **Audio Equipment**:
   - The presence of multiple small speakers implies an emphasis on sound quality during multimedia sessions.
   - The use of transparent materials (likely optical) suggests attention to visual design while maintaining functionality.

3. **Office Organization**:
   - The consistent use of white tones and compact form factor of devices points towards organized workstation habits aimed at maximizing space efficiency.
   
4. **Accessories**:
   - The inclusion of multiple storage options (a portable hard drive, file cabinet, and smartphone), along with the diverse range of peripherals, highlights an individual who values productivity and organization.

By analyzing these components together, we can deduce that the user enjoys Macintosh technology, strives for aesthetic appeal in their workspace, prioritizes audio experience, maintains order through thoughtful storage solutions, and appreciates technological diversification. This scenario paints a picture of a tech enthusiast seeking balance between functionality and personal style"
000000001532,241,24,0.9422881694351855,0.3459209698931151,HuggingFaceTB/SmolVLM-Instruct,caption_long,"In an urban setting, there are several highway signs pointing towards different locations. The first sign is for North Ventura, with the number 101. Next to it is another sign that says ""Hollywood Blvd."" Below this sign is yet another sign saying Sunset Blvd. These three signs are above the road, indicating the direction from which vehicles are heading. There is also signage present on the left side, which appears to be a sign pointing towards Ventura and Exit 20. On the far right, one can see a tall pole holding a street lamp.
The roadway itself is divided into lanes by barriers or guardrails, each lane separated from the other by these barriers, ensuring that vehicles remain within their designated traffic lanes. The weather appears clear, suggesting pleasant daytime conditions.
In the background, various types of vehicles can be seen passing through, including cars and trucks. This gives evidence that the location is a busy intersection. The color of some vehicles is predominantly black and white, indicating they might be taxis or other services. The overall infrastructure suggests it's likely a major city due to its well-organized highways, signs, and orderly flow of traffic."
000000001584,355,24,0.9776840603482073,0.6258717027274955,HuggingFaceTB/SmolVLM-Instruct,caption_long,"The image depicts a double-decker bus that is primarily red with cream accents. The bus's exterior includes prominent signage that reads ""15 Aldwych,"" indicating it may be located near this address. There are also several small banners or advertisements on the sides and front of the bus, including one featuring a logo that appears to be related to a local business or organization. 

The bus itself has two levels, and there are people seated on both levels. The lower level is mostly occupied by passengers, while the upper level appears to be empty, although some individuals can be seen standing at the top of the stairs leading up to it. The upper level's signage indicates that it operates between Aldwych and various other stops. The sky above the cityscape includes multiple birds flying in the air, suggesting it might be daytime based on the lighting.

There are buildings in the background, and a few trees near the road where the bus is passing through. These trees appear lush and green, adding a touch of nature to the urban setting. The road surface seems to be asphalt, and the bus occupies much of the foreground, making it the primary focus of the photograph.

On the bottom right corner of the bus, there is a license plate number that reads ""ALK 986."" This number helps identify the vehicle as an official public transportation bus, ensuring safety regulations are being followed.

To summarize, the image shows a double-decker bus traveling down the road with people inside. The bus has a prominent sign reading ""15 Aldwych"" and features advertisements, likely for businesses operating within that area. The surrounding environment includes a busy cityscape with numerous buildings and trees, indicating a well-populated district."
000000001675,387,24,0.9881843194852864,1.094676664232444,HuggingFaceTB/SmolVLM-Instruct,caption_long,"The image depicts a black cat with white paws and a white patch on its chest lying inside an open metal container. The container is positioned horizontally, showing both ends. At one end, it contains a silver electric stove that has two burners and several knobs. The cat's head faces slightly rightward, with its eyes looking downward toward the bottom left corner of the image. The fur on its face appears to be soft and fluffy, while its ears are erect and perked up. The body extends from the neck to the tail, which is not fully visible but seems longer than the body length.

The background is blurry, providing a backdrop where no other objects or features are discernible. No text or labels appear within this image. The image itself takes place indoors, likely under artificial lighting given the lack of natural light. The overall composition suggests comfort and relaxation as the cat lounges comfortably inside the container, seemingly enjoying the warmth of the electric stove underneath.

The type of the container could possibly be a trash bin, a sink drain, or some kind of storage space that allows cats to rest. This depiction offers insight into pet behavior and the comfort level provided by their surroundings, showcasing a moment of respite and relaxation for the feline companion.

In summary, this image captures a serene indoor scene involving a black cat resting comfortably inside what appears to be a metallic container with an electric stove at one end. The cat is relaxed and looks forward. 

This image would prompt questions such as: Why might the cat choose this specific location? What does it signify about the environment or the owner’s intentions towards the cat? What elements of the surrounding area suggest it may be a home or workplace? How do these images relate to broader themes in animal care and domestic settings?

This vivid description helps answer any further inquiries based on the given facts, creating a comprehensive understanding of the depicted scene."
000000001761,78,24,0.9538146095071524,1.4145115387641851,HuggingFaceTB/SmolVLM-Instruct,caption_long,The sky is grey with patches of light blue and white clouds. Two large passenger jets fly at a high altitude above a suspension bridge that has brown metal trusses with many thin cables supporting them. A stone building with golden domes sits on the left side of the picture. The structure looks like it’s the Sydney Opera House. The water below the bridge appears to be calm and still.
000000001818,431,24,0.9770107713890651,0.4988102371357759,HuggingFaceTB/SmolVLM-Instruct,caption_long,"The image is a black and white photograph taken from a low angle, capturing a close-up view of a mother zebra suckling her newborn foal. The mother's body is predominantly black with light, vertical stripes running vertically along its legs and around her body. Her ears are erect and she has a short tail, typical of many zebras. The foal, on the other hand, is mostly white with dark vertical stripes and a distinct black stripe down its back, which is characteristic of young zebra offspring. It appears to be nursing from its mother as the foal’s head is positioned close to hers, indicating that they are engaging in the process of milk exchange.

In the background, there is sparse, dry grass, possibly suggesting an arid or semi-arid environment common in parts of Africa where zebras are native. The background also hints at the open savannah landscape, characteristic of their natural habitat.

The lighting suggests that the sun might have set behind the animals as shadows can be seen falling across the frame, indicating it was likely captured during dusk or dawn. 

### Analysis
This image provides a vivid snapshot into the life cycle of a zebra family unit. It captures both the physical connection between the mother and her offspring as well as the elements of their natural environment. This kind of detailed observation is crucial for understanding wildlife behavior, habitat requirements, and conservation efforts needed for species like zebras that face threats such as habitat loss and poaching.

If asked about any specific points in this image, one could discuss how the mother's fur pattern matches her young's, the stark contrast between them creating a focal point. Or perhaps a question about the timing of the image - considering sunset or sunrise to suggest environmental context.

### Chain of Thought (CoT) for Question Generation

1. Identify key components: Mother Zebra, Foal, Grass, Sunlight
  
2. Describe the interaction: Nursing or feeding.
3. Discuss habitat based on vegetation.
4. Evaluate lighting implications (sunset/dawn).
5. Consider possible questions related to animal behavior and habitat."
000000001993,168,24,0.9877337042111931,2.470067606834233,HuggingFaceTB/SmolVLM-Instruct,caption_long,"The room is small and cozy with minimal furniture. There are three windows and two doors leading to the outside. The walls are painted purple and have stone bricks exposed at one end of the room. The floor is covered in purple carpet. On top of it there's a bed that looks modern with bright colors like blue, yellow, orange, and red on its sheets and bedspreads. It also has some books or cards on the headboard. 

There is a table with a round shape and two chairs made of black plastic. In front of this table there is a coffee cup with spilled coffee beans. A lamp sits next to the bed. The light from the lamps casts a shadow on the wall.

The door by the window leads to an open balcony where you can see buildings reflected in the glass of the door."
000000002006,123,24,0.9082823451168206,0.41961975691968023,HuggingFaceTB/SmolVLM-Instruct,caption_long,"A purple bus is stopped on a city street with a stop sign in front of it. The bus is labeled as South Tyne with the route number 96 printed near its windshield. Near the front of the bus, a large number is seen as ""NA 52 BUU"". Above that, there is text written in white letters which reads ""Metrocentre via Brent."" There are several windows along the side of the bus, but no people can be seen inside or exiting from them. The background shows part of an urban area with buildings and trees surrounding the road where the bus sits."
000000002149,273,24,0.9541126964883695,0.38792015757909165,HuggingFaceTB/SmolVLM-Instruct,caption_long,"The image is a close-up shot of several apples in a bowl against a dark background. The apples are predominantly green, smooth, round, and have shiny surfaces that reflect light from their natural surroundings. They appear to be ripe and fresh. 

In this photograph, there are nine clearly visible apples, arranged in a semi-circle formation inside a white ceramic bowl. The apples are uniformly bright green with tiny brown spots scattered across their surface, indicating they are not overripe but still vibrant and plump. Each apple has a small brown stem at the top center, which shows signs of wear as if slightly decayed or old. 

The apples' glossy sheen suggests they may be exposed to sunlight or artificial lighting, possibly in a kitchen or dining area where such fruits are often kept for consumption. This highlights an element of daily life common in many households - freshness and a close connection to nature's bounty being available within arm’s reach.

No other objects are present in the frame besides the apples themselves; no utensils, additional food items, or decorative elements are visible. The simplicity of the composition emphasizes the natural beauty and quality of the apples rather than any other distractions. 

In conclusion, this detailed description captures the visual characteristics and context of the image, highlighting the prominence of these apples and underscoring the emphasis on freshness and natural aesthetics."
000000002153,512,24,0.9417368755635508,0.15940349925767744,HuggingFaceTB/SmolVLM-Instruct,caption_long,"The image depicts a baseball game being played at a professional stadium. The scene is composed primarily of three characters engaged in the action of the game. Two of these individuals are located on the field while one is on the dugout. Each character plays an important role in ensuring the smooth operation and execution of the game.

On the field, there is an umpire standing behind home plate. The umpire is wearing a blue uniform and is holding his left arm up as if signaling to the batter that he's ready to make the call. This signifies that the pitcher has just thrown the ball, which means it is now the batter’s turn to take his stance. In front of him, closer to the home plate, stands the base coach. He wears a gray shirt with black pants. His posture suggests he is attentively monitoring the situation, possibly giving instructions or signals to the batter about where to place their feet before swinging.

Behind them, in the center of the frame, lies the player waiting to bat. He appears to be a batter due to his position and attire - red and white jersey, black pants, and protective gear including a helmet and catcher’s mask. His body language indicates readiness to swing, poised on the tee. The pitcher stands over home plate, preparing to throw the ball, his pitching motion captured by the angle of his right leg and foot. He is dressed in white and dark shorts, along with a light grey jacket.

The background shows grass patches and dirt paths scattered across the field, typical of most baseball fields. The sky seems clear, indicating good weather conditions suitable for playing sports outdoors. There is a net surrounding the outfield, providing protection from foul balls, which have been hit past the outfielders.

In summary, this snapshot captures key elements crucial for understanding how a baseball game proceeds:

1. **The Umpire**:
   - Standing behind home plate, he communicates directly with the batter and other players through various gestures and movements.
   
2. **Base Coaches**:
   - Positioned near the home plate, they provide guidance and instruction, particularly to the batter.
   
3. **Batter**:
   - Ready to take his stance, poised to swing once the pitcher throws the ball.
   - Dressed appropriately, signaling readiness and readiness to perform his job effectively.

4. **Pitcher**:
   - Positioned close to home plate, prepared to throw the ball towards the batter.
   -"
000000002157,463,24,0.970671222183799,0.36131227390933623,HuggingFaceTB/SmolVLM-Instruct,caption_long,"The image shows an outdoor dining setup on a red tablecloth, with several items arranged around it. There is a large white frosted cake decorated with bright berries like blueberries and raspberries placed at the center. Surrounding the cake are various food items such as cheese and grapes, accompanied by bowls, plates, glasses, and cutlery. 

In front of the cake, there are multiple trays of cheeses including cheddar, brie, gouda, and mozzarella, among others. Next to them are piles of crackers and bread slices, some of which have been partially eaten. On the right side of the table, there are also small plates containing additional types of cheese and other appetizers like nuts and vegetables.

At the top left corner of the image, a set of four wine glasses and two champagne flutes can be seen. Some glassware is stacked up behind these, suggesting they might belong to guests who attended the event. Nearby, a knife is resting on a folded napkin, suggesting it has just been used during serving or clearing the dishes. The handle appears to be silver and includes a decorative design, likely indicating that it is part of a formal dinner.

The background reveals lush green plants and trees, indicative of an outdoor garden setting. The greenery adds a natural touch to the otherwise formal dining arrangement.

Given this detailed description, we can infer the purpose of the setting: This is likely a casual gathering where people enjoy a meal together outdoors. The assortment of food suggests a multi-course meal, typical for events where guests come together for leisurely conversation and enjoyment of good food.

The presence of specific items like plates, cups, utensils, and the cake indicates careful planning and organization—traits often found in formal dinners or parties. The combination of diverse foods like cheese, fruits, and breads reflects a variety of tastes and cultures, appealing to different preferences among attendees. The use of smaller dishes implies efficiency and catering to different dietary needs.

This scene exemplifies a common setup for social gatherings aiming to create an inviting atmosphere while ensuring ease of service and presentation. The attention to detail and provision of necessary tools highlight the host’s care and anticipation towards their guests' enjoyment, underscoring the importance of proper hospitality."
000000002261,73,24,0.8589123895598256,0.44763195410791784,HuggingFaceTB/SmolVLM-Instruct,caption_long,A man is surfing on a small blue boogie board. He has his right hand raised up as he rides down the wave. The wave is green. There are white splashes near him that appear to be caused by breaking waves. In the background there is water and sky with a slight gradient from light blue at the top to dark blue at the bottom.
000000002299,512,24,0.9793661948014465,0.46808834544932365,HuggingFaceTB/SmolVLM-Instruct,caption_long,"The image is a black-and-white photograph taken on a sunny day outdoors. There are approximately 30 children sitting or kneeling in front of an old brick wall with some plants growing on top of it. The children are arranged in rows, each facing forward but slightly to different sides so that no one's face is completely hidden by another child. All of them have short hair, except two boys at the right whose hair is longer. Some children are wearing light sweaters while others wear jackets. The majority of the children are wearing white shirts and dark trousers or shorts. They seem happy as they pose for the camera, although one girl has her hands behind her back instead of holding anything. 

The ground where the children are standing appears wet, indicating either recent rain or a mowed lawn. No adults are present within view; however, there are glimpses of adult figures in the background, possibly teachers or parents observing from the sidelines. Also, there is a blue sky above the children, suggesting it was a bright day when the photo was taken. 

There are no toys or other objects visibly in the image. Additionally, no school buildings are identifiable, nor any signs of modern technology like computers or digital cameras. This suggests the picture may have been taken many years ago, likely before the advent of these items during this time period.

To answer questions about the image based on observations:

1. **What type of people are in the image?**
   - The primary subjects are children. Their clothing indicates that it could be a more traditional educational environment, perhaps an elementary school setting given their ages. 

2. **What can be inferred about the location of the image?**
   - It seems to be set in an outdoor area, most likely a schoolyard or park since there is a brick building in the background and a worn-out bench or seat visible underfoot.

3. **Are there any notable objects missing?**
   - The absence of modern conveniences like electronic devices makes the image feel nostalgic or timeless. However, none of the kids seem to be holding anything which might suggest minimal use of these items at the time.

4. **How does the arrangement of the group look?**
   - The children appear well organized; they don't seem scattered or out of place. This orderly formation implies careful planning or management.

Based on the description provided, if asked how much money they made last month, we cannot deduce this information. Similarly, without additional context or clues, we cannot determine"
000000002431,431,24,0.9645882075727361,0.3197086919171097,HuggingFaceTB/SmolVLM-Instruct,caption_long,"The image depicts a beautifully set table at a restaurant, with an array of appetizing food items arranged on it. At the center of the plate is a large roll wrapped around a wooden stick, which appears to be some kind of bread or pastry rolled up tightly. Inside the roll, you can observe what looks like a dark, possibly spicy sauce, adding a touch of flavor to the dish. Additionally, there are slices of various breads, likely freshly baked from a traditional oven, placed next to the roll. These slices seem to have been coated with some kind of spread or butter, giving them an appealing sheen. There is also a small white bowl holding a creamy sauce or dressing, hinting that this dish could be either an open-faced sandwich or a light appetizer.

Behind these items, several other utensils are present, including a knife and another similar item that looks like a spoon but is not identifiable. A glass filled with red wine rests upright near these items, suggesting that this meal might be accompanied by a drink. The background includes part of a wooden table surface, indicating that the dining area is rustic, cozy, and inviting.

### Analysis
The presentation of the food suggests that this is a communal dish meant to share among multiple diners. The use of fresh ingredients such as the bread and cheese implies that the chef has taken care to create a simple yet flavorful menu. The use of a wooden rolling pin indicates a potential culinary theme related to tradition or regional cuisine where wooden utensils were used historically, showcasing a connection between food preparation and cultural heritage.

### Integrated Knowledge
This type of dish often reflects Italian culture, known for its use of fresh, locally sourced ingredients, and simple cooking methods, commonly associated with the Tuscan region. Such dishes frequently incorporate cured meats, cheeses, and breads, typical of Mediterranean cuisines.

In conclusion, this image captures a delightful meal centered around a creatively presented dish featuring rolls and accompanying dips, sitting on a rustic wooden table, accompanied by a glass of red wine. The composition suggests a relaxed, shared dining experience intended to enhance both taste and ambiance."
000000002473,349,24,0.9538531529447299,0.30043536123473846,HuggingFaceTB/SmolVLM-Instruct,caption_long,"The image shows an athlete in mid-air, captured during a high jump on a snowy mountain. This individual is wearing a colorful ski suit, which includes warm-toned underwear underneath a white and tan top with bright red, blue, green, yellow, orange, and pink accents. The skis are black and gray with their tips angled upwards to aid in the maneuver. 

In the background, there's a vast snow-covered mountain range filled with densely packed evergreen trees, giving the landscape a serene, picturesque look. These trees are tall and have a uniform height, indicating that this area might be part of a skiing resort or winter sports destination. To the right of the skier, there are two other individuals also dressed in winter gear, standing near a low obstacle.

The skier's pose suggests they are in the process of jumping from a higher elevation, likely off a small slope or ramp. Their body position implies focus and readiness, indicative of a skilled skier who is performing an aerial trick rather than simply navigating downhill slopes.

The clear blue sky above highlights the vivid contrast between the jumper and the natural elements below. Such a stark contrast emphasizes the intensity of the action taking place.

Given the setting and attire, it’s likely this athlete is participating in a competitive sport such as alpine skiing. Skiing involves gliding down steep slopes and performing various jumps, tricks, and turns to gain speed before landing safely back onto the snow. The environment provides an ideal setup for these activities, ensuring both the athlete's safety and the dramatic effect needed for capture by photographers.

This photograph encapsulates the essence of winter sports and the thrill of competition among athletes at such resorts."
000000002532,295,24,0.9881353035992373,1.43592511799983,HuggingFaceTB/SmolVLM-Instruct,caption_long,"The image is a photograph taken from a slightly elevated angle that captures an expansive mountain landscape under a clear blue sky filled with scattered white clouds. In the foreground, there's a person wearing a green jacket and black pants who appears to be standing on snow. The individual is holding two ski poles, one in each hand, which are planted firmly into the snow. The terrain they're standing on is rocky, interspersed with patches of snow and some small vegetation such as shrubs and bushes, suggesting it might be a mountainous region during winter or early spring when the ground has thawed but still remains covered in snow.

The backdrop consists of tall, rugged mountains that stretch across the horizon, blending seamlessly into the pale blue sky. There appear to be clouds dotting the sky without any significant turbulence, indicating fair weather conditions. The peaks of these mountains have distinct ridges and sharp shadows cast by their pointed summits.

This image portrays a serene yet stark natural environment characterized by both vastness and solitude. The man standing amidst this desolate expanse appears to be alone, creating a sense of isolation and reflection. His posture suggests he might be contemplating something or simply enjoying the solitude of the wilderness. The use of light and shadow also adds depth and texture to the scene, enhancing its dramatic quality.

To sum up, the image effectively conveys a sense of isolation, tranquility, and the grandeur of nature through the combination of human presence, mountain topography, and atmospheric elements."
000000002587,58,24,0.9254173742690875,1.1705611731802705,HuggingFaceTB/SmolVLM-Instruct,caption_long,In this photograph I can see banana and chocolate doughnut placed on the plastic bag. The banana is yellow in color and it looks very fresh. The doughnut has brown color on its top part. This is placed in the middle of the image. The background of the image is dark.
000000002592,119,24,0.989600464919201,4.17360284146356,HuggingFaceTB/SmolVLM-Instruct,caption_long,"In this image, there are two objects placed side by side on what appears to be an electric stove with a white background that is gray at one end. The object on the left has writing in black ink on it which says “PIRATE” twice and then “NOT THE BEAR”. This object has a skull and crossbones design over it as well as other small designs, like stars and possibly waves. The object to the right is a knife with a black handle and a silver blade. There is also another knife next to it but further away from the camera, out of focus."
000000002685,512,24,0.9532431722850209,0.20105769999630613,HuggingFaceTB/SmolVLM-Instruct,caption_long,"The photograph depicts a group of people standing inside a room with wood flooring, where bottles are placed on shelves behind them. A wooden counter is positioned centrally within the frame, displaying various wine bottles arranged neatly. On the right side of the counter is an open doorway leading to another room, and beside it, on the left, are racks filled with bottles of wine, which seem to be of different types and varietals. Behind the counter, on the wall, are more shelves lined up with numerous liquor bottles.

The individuals in the foreground appear engaged and focused on something or someone across from them, as they look towards that person's direction. Some individuals are wearing casual clothing like shorts and flip flops, while others have more formal attire such as chef coats and slacks. One individual appears particularly engrossed in reading a piece of paper placed on the counter, suggesting he might be checking his schedule or notes regarding a specific task. Another figure near him has a notebook or some writing material next to him, indicating they could be taking notes or preparing for their tasks.

The background shows a blue wall, part of which seems to be painted in a lighter shade than the rest, contributing to the overall room’s decor. There is also a door that leads out into what may be another room or area, further emphasizing the setup being a commercial space rather than an intimate meeting or home environment. The lighting inside the room is subdued, yet bright enough to make out most items clearly.

Given this description, if we were asked about the setting, we would identify it as an organized retail store or bar/pub that specializes in selling wine, given the presence of wine bottles and multiple beverage options visible. This type of establishment is common for bars and small restaurants because customers often want to try different wines to complement their meals or social interactions. The layout suggests functionality and organization, typical of businesses aiming at providing accessible access to alcoholic beverages.

From the visual cues provided, it can be inferred that there might be other patrons present, though not many are seen in the picture. The absence of any noticeable interaction outside of those engaging directly with each other indicates that most of the crowd is occupied by these specific conversations and activities.

In conclusion, the room depicted in the image displays an organized commercial space specializing in the sale of wine, evidenced by the wine bottles visible on display and the setup of the shop or restaurant. The individuals present are likely involved in either purchasing items or discussing plans over drinks, thus reflecting a bustling atmosphere suitable for"
000000002923,434,24,0.9470261544352166,0.2083594413406345,HuggingFaceTB/SmolVLM-Instruct,caption_long,"The image depicts a coastal marshland environment with two white birds standing in the foreground. In the background, there is a marina or harbor area filled with several boats docked at various piers extending into the water. There are also several structures along the shore and on the left side, indicating some form of industrial activity related to maritime operations.

The sky above is predominantly cloudy, with dark gray clouds covering most of it. However, there is some open space towards the top right where light can still penetrate. On the far left side of the image, near the horizon line, there appears to be an airplane flying overhead, possibly returning from a mission offshore.

In terms of landscape features, the terrain seems relatively flat with scattered vegetation primarily consisting of tall grasses that blend into one another without distinct patches. This gives the appearance of a vast, grassy plain rather than a typical coastal wetland.

There is a building structure present behind the marina. Its design suggests it might be part of a factory or industrial facility given its rectangular shape and multiple levels. The overall mood conveyed by this setting could be calm and serene due to the tranquil waters surrounding the marshland and the quietness imposed by the overcast weather conditions.

To summarize:

1. **Coastal Marshland:**
   - Two white birds stand in the foreground.
   
2. **Marina/Harbor Area:**
   - Several boats docked at different piers.
   - Industrial structures beside them.
   
3. **Sky & Weather Conditions:**
   - Cloudy with dark gray clouds covering most of the sky.
   - Light shining through the gaps in the clouds.
   - An airplane is seen overhead.

4. **Terrain & Landscape Features:**
   - Tall grass fills the foreground, blending into one another.
   - A large building structure indicates an industrial area.
   
5. **Contextual Details:**
   - Marina or harbor area.
   - Possible aircraft (plane).
   - Industrial structures behind the marina.

This comprehensive description should allow any reader to visualize the described scene accurately based on textual information alone."
000000003156,80,24,0.9439796168531795,1.1233763662762555,HuggingFaceTB/SmolVLM-Instruct,caption_long,"In this picture I can see there is a person who is wearing black color shirt. This person is sitting on his knees, here we can see the seat of the toilet. We can also see there are two sinks which are having some stains on it. On both sides of the wall there are tiles. At the bottom right corner of the image there is a cloth which is placed over the floor."
000000003255,391,24,0.9570615909310639,0.2887198463054253,HuggingFaceTB/SmolVLM-Instruct,caption_long,"In this wintery outdoor photograph, there is a vast expanse of snow-covered mountain ranges. The peaks are majestic with snow-covered slopes that stretch into the distance. The ground is covered in snow, giving it a pristine appearance. A few people can be seen traversing the snowy terrain towards the mountain range on skis, ski poles, or in a sled. The weather seems clear, allowing ample sunlight to illuminate the snow and mountains. The sky is a vivid blue, indicating a bright, sunny day.

The mountains have a crystalline, sharp structure. The snow on the mountaintops forms intricate patterns and patches of white. The lower parts of the mountains are shadowed, creating dark shadows under their bases. This shadowing effect makes the snow appear denser and more textured. The snow is very light in color, possibly due to recent snowfall. The mountain slope appears flat and smooth, without any significant curves or dips.

In front of the mountains, there is a group of people skiing or snowboarding down the hill. They are dressed warmly in layers, likely wearing jackets, pants, gloves, and hats suitable for cold weather. One person appears closer to the viewer and seems to be making a turn while another one has fallen off. Both maintain their balance using ski poles and a ski suit. The group's presence indicates that they are part of an organized event or tour given the structured approach to navigating through the slope.

To the right of the main path, several dogs are also skiing on the same slope. They appear well-acclimated to the conditions and are moving briskly. Their presence adds an element of excitement to the otherwise serene landscape.

Overall, this image captures the beauty and solitude of a winter mountain hiking trip. The natural elements such as the snow, mountains, and clear skies create a peaceful yet invigorating atmosphere, perfect for those seeking a challenging but enjoyable activity amidst breathtaking scenery."
000000003501,511,24,0.9370987920580803,0.14721290400798176,HuggingFaceTB/SmolVLM-Instruct,caption_long,"The image shows a white bowl filled with food items sitting on a wooden surface. The bowl appears to be ceramic or porcelain, which is evident by its smooth texture and slightly glossy finish. Within the bowl, there are three distinct food items that occupy different sections of the dish. 

Starting from the left side of the bowl, we observe a small cluster of green broccoli florets arranged in a vertical orientation. Each floret is uniformly shaped and has a vibrant green color, indicating freshness and crispness. The broccoli appears fresh, suggesting it was recently picked and prepared for consumption. This vegetable is often associated with being a good source of vitamins, particularly vitamin C, and fiber.

To the right of the broccoli is a large portion of white rice. The grains of the rice are uniform in size and shape, showcasing an excellent preparation technique. Rice is commonly used as a staple food around the world, especially in Asian cuisine. It provides energy due to its carbohydrate content and can be paired with various other foods to enhance flavor and nutritional value.

In the center section of the bowl lies a substantial serving of what seems to be a red bean stew or curry. The stew exhibits a rich reddish hue, likely from the ingredients used, such as tomatoes or red beans. The dish includes additional vegetables like yellow corn kernels, providing some nutritional balance. Red bean stew is a common culinary item throughout many cultures, offering a hearty, comforting meal.

### Analysis and Description

Based on the arrangement of these food items within the bowl, the plate, and their visual characteristics, the following observations and inferences can be made:

1. **Food Presentation**: The meal is carefully composed, ensuring each component maintains its individual appeal. The use of colorful ingredients - broccoli (green), rice (white) and the vibrant red of the stew - creates a visually appealing presentation.

2. **Nutritional Balance**: The presence of both complex carbohydrates (rice) and nutritious proteins (broccoli and bean stew) suggests a balanced diet, typically recommended for overall health and wellness.

3. **Culinary Techniques**: The careful arrangement and placement of these components imply they have been thoughtfully prepared, enhancing the aesthetic and gastronomical experience.

4. **Cultural Integration**: The variety of the dish reflects cultural diversity, emphasizing the importance of traditional cooking methods and regional cuisines.

This detailed description should enable anyone viewing the image to visualize the composition of the dish clearly and understand the significance behind each ingredient's contribution to the entire meal."
000000003553,388,24,0.9603480187626544,0.31618042807387614,HuggingFaceTB/SmolVLM-Instruct,caption_long,"The image depicts an individual engaged in skateboarding on a wooden ramp. The individual is wearing casual clothing consisting of dark pants and what appears to be sneakers with distinctive patterns that include black and white. The brand name ""Vans"" can be faintly seen on one of the shoes.

The person is in mid-action, executing a trick or maneuver that involves using the ramp as a platform to propel themselves into the air. They are positioned with their right foot forward on the ramp's edge, supported by the left foot. This indicates they are attempting a trick known as a ""grind."" Grinding involves sliding along a rail or other surface while maintaining balance on a skateboard. 

The skateboard itself is visible; it is predominantly blue but mostly obscured due to its position below the rider’s feet. Only part of the board is shown, revealing the wheels and some design elements near the back tip.

In the background, there is grass on either side of the ramp. On the left side, there are pieces of broken wood, possibly debris from previous attempts at tricks. These pieces might have been used during practice sessions or fallen from nearby structures like buildings or trees. 

Additionally, there is an element of natural light coming from above, indicated by shadows being cast onto the lower parts of the ramp. This suggests the time of day could be early morning or late afternoon when sunlight casts these shadows.

Given this comprehensive description, we can infer that the individual has likely mastered the grind trick and is skilled enough to perform this move on a wooden ramp. Their attire and positioning imply a level of competence that comes with consistent training and experience.

This detailed description should enable someone who has not seen the image before to visualize it vividly. It captures every aspect of the scene—from the person to their gear, the environment around them, and even small elements like shadows indicating lighting conditions."
000000003661,323,24,0.9697645832053412,0.5043049648916698,HuggingFaceTB/SmolVLM-Instruct,caption_long,"The image is a close-up photograph taken from a low angle, showcasing a few ripe bananas stacked on top of one another against a wooden background. The lighting is soft and natural, with subtle shadows falling across the bananas to highlight their texture and color tones. 

The foreground is dominated by three bananas that appear slightly curved with smooth, yellow skin. Each banana has a dark brown spot near its stem area, indicative of ripeness and freshness. These bananas are stacked in a way that suggests they were placed there intentionally rather than simply lying on the surface.

The table beneath the bananas is made of wood, which has a light brownish tone. The grain of the wood runs horizontally, adding depth and texture to the frame. The wooden surface is polished but not overly shiny, reflecting only the ambient light without creating harsh reflections.

Behind the bananas, there is a computer monitor or display screen showing a green background, likely indicating an open document, application, or website. To the right, closer to the upper edge of the photo, there is a blue object—a cup or possibly a container. Above the blue object, the word ""MOSK"" appears on a white label or nameplate, suggesting this might be part of a larger setup like a kitchen appliance or hardware item. 

The overall composition brings attention to both the physical beauty of the bananas and their functional placement on the wooden table, emphasizing simplicity and functionality. This type of still life photography often seeks to capture everyday items in a fresh, unedited manner, highlighting the raw essence of ordinary objects through minimalistic techniques."
000000003845,512,24,0.974747187965575,0.3806661763826749,HuggingFaceTB/SmolVLM-Instruct,caption_long,"The image displays a dining table set with food on it. The foreground features a plate with several types of food items, including chicken pieces, broccoli florets, carrots, and rice. 

The plate is large and has an ornate design featuring blue and red geometric patterns along its border, giving it a decorative look. The plate contains two distinct sections. In one section, there are several pieces of chicken, each slightly overlapping, suggesting they were possibly cooked together or prepared from different parts. Each piece appears to be battered and fried, which indicates that this dish may include fried chicken as a primary component.

To the right of these chicken pieces, there's a heap of lightly steamed broccoli florets interspersed with carrot slices. These vegetables appear fresh and crisp, indicating that they might have been freshly picked or recently washed before use. The broccoli florets are uniformly sized, ensuring even cooking.

On the bottom left side of the plate, there's another type of vegetable—possibly green beans or peas—slightly wilted but still crisp enough to retain their shape. This vegetable seems to complement the chicken well, adding a variety of textures and flavors to the meal.

In addition to the main ingredients, there's also a serving of white rice placed beside the other dishes. The rice appears to be plain, without any visible grains mixed into it, signifying a simple preparation method. Rice is commonly used in Chinese cuisine due to its versatility and availability in various forms such as jasmine or basmati varieties.

Near the plate, there's a clear glass filled with water, presumably for drinking purposes. The glass is placed upright, ensuring no spillage during movement.

The table itself is made of wood, showing signs of wear over time, typical of frequent usage. There’s a chair next to the table that partially obstructs the view of some items, hinting at an indoor setting likely intended for consumption rather than presentation.

The overall atmosphere suggests a casual dining environment, possibly at home or a cozy restaurant. The presence of utensils (fork and spoon) implies a meal meant to be shared among family members or friends, emphasizing communal dining experiences often found in Asian cultures where sharing food is a significant part of social gatherings.

Given the composition of the meal, a possible pairing would be dipping sauces like soy sauce or hoisin sauce to enhance the flavor profile further.

This detailed description allows for better understanding of the context and elements present within the image, facilitating precise"
000000003934,512,24,0.9592418725919566,0.23210043299922758,HuggingFaceTB/SmolVLM-Instruct,caption_long,"The image depicts an indoor environment with several individuals engaged in an activity involving a Wii console. The focal point is a little girl wearing a multi-colored dress standing on her right leg, while holding a white remote controller in her left hand. Her expression suggests excitement or concentration as she interacts with the game. 

Surrounding the little girl are several adults, all dressed casually but warmly, some drinking wine from plastic cups. One individual, positioned to the left of the frame, seems to be taking pictures or videos through what appears to be a mobile device held up near the camera lens.

The background includes a kitchen area with a countertop and various appliances such as a sink and a microwave oven. A staircase leading upwards can be seen on the left side of the image, indicating that the location might be inside a house or an apartment complex. A decorative element at the top part of the image shows a light fixture, possibly illuminating the space above the couch where most activities seem to be happening.

On the right side of the couch, there's another individual seated, though this person is not clearly identifiable due to the angle and positioning. This individual may be using the Wii console but their exact role in the gameplay isn't evident from the image alone.

Several items like pillows and cushions adorn the seating arrangement, adding comfort to the setup. There’s also a small table or shelf beside the couch which holds various decorations including decorative items and plants, suggesting it could belong to someone who enjoys arranging home interiors.

From the context provided by the text and visual clues, we can infer that this gathering is likely taking place during a social event, possibly a party or reunion, given the casual attire and festive atmosphere. It appears to be a family gathering based on the inclusion of children and participation in traditional games such as Wii, which is typically associated with fun and recreational play among families and friends.

### Objects Present in the Image

**Little Girl:**
1. Dressed in a multi-colored dress.
2. Holding a white remote controller in her left hand.
3. Standing on her right leg.
4. Excited or focused expression.

**Adults:**
1. Casual clothing, including dresses and jeans.
2. Drinking wine from plastic cups.
3. Some appear to be taking photos/videos using a phone.
4. One individual standing and facing away from the group.
5. Another adult behind them on the"
000000004134,393,24,0.9705537667423264,0.4247448581933842,HuggingFaceTB/SmolVLM-Instruct,caption_long,"The image depicts a social gathering or formal event taking place indoors within what appears to be a brightly lit banquet hall. The decor includes wood paneling on the walls, which is complemented by chandeliers hanging from the ceiling that casts warm, indirect lighting over the room. 

Central to the foreground are two individuals engaged in a conversation. On the left side, there’s an Asian man wearing a patterned shirt with intricate designs, partially obscured by his glasses. His expression seems attentive as he looks at something outside the frame while extending his right hand to shake someone else's hand. He holds what appears to be a folder or some papers in his left arm.

To the right stands another person who isn't clearly identifiable but has short hair, indicating it might be a male given the context. This individual also wears a formal suit and tie, suggesting they may be part of a business meeting or networking event. The man extends his left hand towards the person across from him, symbolizing hospitality or agreement.

The background shows a slightly blurred array of tables adorned with white tablecloths and empty chairs. There are additional people standing around these tables, suggesting they could be attendees of the same function. A few people can be seen holding small placards or books, perhaps indicating they are waiting for their turn or involved in discussions.

There are no discernible patterns or motifs in the carpeted floor except for a yellow accent near the center of the room. The ceiling is softly illuminated with a circular shape that adds depth and ambiance. The light fixtures contribute to the warm atmosphere of the space, enhancing the welcoming nature of the venue.

In summary, this photograph captures a moment during a formal event where people are socializing and interacting in a well-lit, structured environment. The interaction between the two men emphasizes cordiality and respect, typical of such gatherings. The presence of additional attendees hints at a larger community within the establishment."
000000004395,321,24,0.9800313112657335,0.7765569763593967,HuggingFaceTB/SmolVLM-Instruct,caption_long,"The man is dressed in formal business attire. He has short black hair and is wearing a white shirt and tie. The shirt is slightly wrinkled and has a collar. The tie is dark with thin stripes running horizontally across it. His expression seems neutral, perhaps slightly tired or focused on something offscreen. His right hand is holding his chin, showing he might be in thought or contemplative.

The background shows what looks like part of an office environment. To the left is a wall with some light fixtures, but they are indistinct. The man stands in front of what appears to be a door that leads out of the room. This could imply that he just finished a meeting or task as he’s exiting. The floor is carpeted and modern, contributing to the professional atmosphere.

In terms of interaction, this person is looking down and slightly away from the camera, which suggests either deep thought or a serious mood. Their posture is relaxed yet focused, indicating they're engaged in their work or possibly waiting for someone.

Given the attire and posture, we can infer that this person is likely working in a corporate or professional setting, possibly in a leadership role due to their position and demeanor.

There's no explicit mention of emotions, but the positioning and body language suggest a thoughtful or reflective state. Given the formal setting and clothing, it's plausible that this individual holds a high level of responsibility and expertise in their field. 

This comprehensive description allows readers to visualize the scene vividly and understand the context, tone, and potential implications surrounding the subject and their surroundings."
000000004495,456,24,0.9760203149071384,0.4512413024557691,HuggingFaceTB/SmolVLM-Instruct,caption_long,"The image depicts an empty living room with a few key pieces of furniture and decor. The room appears to be set up for casual use, possibly by young adults or families with teenagers. There are three main pieces of furniture present: a television, a sofa, and a recliner.

1. **Television:**
   - Positioned on a small stand near the center of the room is a flat screen TV.
   - The screen is black and not turned on.
   - A white board is attached to the wall next to it, displaying a handwritten list of instructions or notes that start with ""101"" followed by what seems like a numbered list.

2. **Sofa:**
   - Situated against the right side of the room is a plaid couch with two matching pillows placed on top.
   - The couch has a modern design, with clean lines and a dark brown color scheme.

3. **Recliner:**
   - Located at the left side of the room, there's a red plaid recliner chair positioned diagonally from the sofa.
   - The recliner also has a modern design but is slightly smaller than the sofa. It doesn't appear occupied.

**Additional Details:**

- **Background Walls:** The walls are painted pale yellow with some light showing through, likely due to natural lighting during daytime hours.
- **Flooring:** The flooring is carpeted, giving a cozy feel to the room.
- **Decor:** There are no visible decorations other than the framed picture above the TV.
- **Lighting:** The lighting comes from recessed lights installed in the ceiling, providing ample illumination throughout the room without being overly harsh.

**Analysis and Interpretation:**

This type of setup is often seen in college dorm rooms or similar shared spaces among friends where comfort and entertainment are prioritized. The absence of any visible clutter suggests this could be part of a larger multi-bedroom apartment or family house where communal areas are used frequently.

**Answer To Question Based On Description:**
Given the description, we can infer that these elements suggest a simple yet functional living space designed for multiple uses such as relaxation, studying, or watching movies together."
000000004765,512,24,0.9305106518755634,0.13205813402156472,HuggingFaceTB/SmolVLM-Instruct,caption_long,"The image depicts a surfer riding a wave on an ocean or large body of water. The foreground is dominated by the surfer, who is dressed in sporty attire consisting of a yellow shirt with short sleeves, black shorts, and thick, padded knee pads. His left hand is extended toward his chest while his right arm is bent at the elbow, with the forearm pointing upward. He has a determined expression on his face as he skillfully rides the wave. 

The surfer's posture is one of balance and concentration, typical of competitive surfing. The surfboard is parallel to the wave, its shape designed for maximum buoyancy in both floating upright and lying flat along the crest of the wave. This positioning allows the surfer to maintain control over the board and position it at optimal angles for maneuvering during the ride.

Surfboards are characterized by their design features which include a wide, curved nose for maneuverability, a rounded tail for stability, and various types of fins for added propulsion and turning abilities. These elements allow the surfboard to glide across the waves effectively.

In the background, there is open water where other surfers might be present but not clearly visible due to the depth and focus of the photograph. The surface of the water is tumultuous, indicative of high energy associated with crashing waves. White foam is visible beneath the surfboard, indicating the height and force of the wave. The color of the water shifts from blue-green to white at the crest, reflecting the sun and light reflections off the crested waves.

The overall style of the image suggests a moment captured mid-action, capturing the dynamic interaction between the surfer and the ocean. It is evident that this image was taken during a competition or practice session, emphasizing the surfer’s skill and athleticism.

### Analysis and Integration of Knowledge

1. **Human Activity**: Surfing is a recreational activity that involves standing on a surfboard on a moving wave, balancing and maneuvering to navigate through the water. This activity requires physical fitness, strength, balance, and coordination.
   
2. **Techniques**: Common maneuvers include catching waves (catching the curl just before they break), riding the wave for distances up to several meters, performing turns, and judging timing to avoid falling off the board.
   
3. **Equipment**: Modern surfboards are usually made of synthetic materials like epoxy resin and fiberglass. They have multiple fins to enhance stability, turn, and speed. 

4. **Environmental Factors**: Waves form"
000000004795,80,24,0.9484532325166732,1.226657239400395,HuggingFaceTB/SmolVLM-Instruct,caption_long,In this image we can see that there is a black cat looking into laptop screen where it has some text on it and in front of laptop there is a telephone on table and there is another phone to the left side of laptop. On the top right corner of the image we can see that there are few tabs opened. We can also see the back side of the monitor with cable attached to it.
000000005001,512,24,0.9641394339866667,0.265145799376057,HuggingFaceTB/SmolVLM-Instruct,caption_long,"The image depicts a celebratory event taking place outdoors on a city street. The background is blurred but includes some structural elements of nearby buildings, indicating that the location might be an urban area. 

In the foreground, there are several people standing together, including two small children who seem to be actively involved in the activity. One child is seated on the ground while holding onto a red ribbon tied to a pair of scissors, which are being held by another person, presumably an adult, though not entirely clear whose hands these are based on the angle of the image. This individual seems to be cutting or dividing something with the red ribbon, possibly related to a ribbon ceremony.

The adults around this person include men and women wearing various outfits and hairstyles typical of a casual, everyday gathering. They have different facial expressions and body language, suggesting they may be engaged in conversation, observing the ribbon-cutting action, or simply enjoying the festive atmosphere.

One man, dressed in a suit and hat, appears to be taking a picture, capturing the moment for posterity. There's also a woman wearing a blue shirt and a plaid jacket, adding color and a bit more detail to the group. 

Further back, there are other individuals, partially obscured by the focus on the central figures. Some appear to be standing behind the main group, likely witnessing the ribbon-cutting ceremony or possibly partaking in similar activities, given their proximity and demeanor.

There is also a partial view of a building or structure, potentially a restaurant named ""Johnny's,"" indicated by a wall painted in warm tones and a name sign above it. A portion of the entrance can be seen, although the design and materials are not entirely clear due to the depth of field.

Several items are present in the immediate vicinity of the ribbon cutting, like chairs arranged neatly, perhaps for seating during the event. The ground surface appears paved, indicative of a residential or public space designed for events.

Given the context, it is reasonable to infer that this could be a community or neighborhood celebration centered around ribbon-cutting ceremonies, signifying new developments, renovations, or commemorations. The presence of both kids and adults suggests that this event aims at engaging everyone in the community, fostering a sense of belonging and participation through shared activities.

In summary, this outdoor scene captures a lively and inclusive community gathering centered around ribbon-cutting, where children are actively participating alongside adults. The presence of the Johnny's establishment indicates that the event might be taking place in"
000000005037,512,24,0.9828795352250302,0.5661699136541328,HuggingFaceTB/SmolVLM-Instruct,caption_long,"The image depicts a bus with an open door. The bus is primarily white with purple and pink accents, and it bears the First logo on its front windshield. The First logo is in a circular formation featuring a stylized first letter “F” inside a circle that extends upwards to resemble a flame or flame-like shape. The word “First” appears below this symbol in black text.

The number 65745 is visible on the front of the bus. This could indicate the model or version of the bus. 

There is also signage indicating the name “Birmingham” on the side of the bus. This suggests that the bus might be traveling through or near Birmingham, England.

Above the windshield, there’s a schedule displaying “First Group” in bold letters, which indicates the company managing the service. Below this, another line says ""Free WIFI ON BOARD,"" suggesting that the bus offers Wi-Fi access to passengers.

Additionally, the bus has yellow handrails attached to the windows. These are standard safety features on buses to prevent people from falling off when getting in or out.

In the background, part of the road can be seen, along with some buildings. There are several people standing by the curb, possibly waiting for public transport, hinting at a bustling urban area.

The weather seems overcast, with some light clouds overhead. It's likely daytime based on the shadows cast by the bus and other objects.

**Detailed Description:**

### Buses
The image shows multiple buses parked next to each other and one bus moving away. The buses are mostly white, with purple and pink highlights. The large vehicle in the foreground is identified as a First Group bus. 

### Logos and Text
First Group is prominently displayed on the bus. “First” is written in bold capital letters within a circle that extends upward to resemble a stylized fire or flame shape. Below this, “Wi-Fi On Board” is written in smaller, non-bolded black letters. Also, the bus number, “65745,” is clearly visible towards the bottom of the window.

### Signage and Display
Above the windshield, there is a schedule showing First Group's name and the message ""First Group."" This indicates that the bus service is run by First Group. In the upper left corner, another piece of signage reads ""First"" in bold capital letters. Directly below it, the"
000000005060,413,24,0.9699603270164375,0.39570233404142247,HuggingFaceTB/SmolVLM-Instruct,caption_long,"The image depicts a person sitting on the floor directly in front of an ornate wooden mirror that is standing upright against a wall. The mirror has an intricate design at its top with what appears to be decorative flourishes and carvings, which may be decorative or functional in nature. Below this ornate section are two small rectangular sections where it looks like there could possibly be additional decorations, though they're not clearly visible in the image.

The person in the mirror is dressed casually and is holding some type of object, such as a phone, which is positioned above their head. This individual is likely taking a selfie or capturing a photo of themselves. Their posture suggests that they have been sitting for a while; they are barefoot, suggesting comfort and relaxation. They appear relaxed but focused on the camera.

In the background, part of another room can be seen, which includes a dining table or counter area. There are various objects scattered around, including what might be furniture pieces or storage items. The room's interior decor shows elements of color and style, blending modern and traditional components, hinting at a blend of contemporary living spaces with vintage elements. The flooring appears to be hardwood, common in residential settings due to its durability and aesthetic appeal.

There are several frames hanging on the wall behind them, adding a touch of decor and personalization. One frame seems larger than the others, with more elaborate artwork, perhaps a piece of art from a significant family member or cherished memory. 

To the right side of the mirror, there is a pillar, likely supporting part of the structure, ensuring the mirror stands tall and sturdy. The column adds a structural element, providing balance and stability to the setup.

In summary, the image showcases a person taking a selfie in front of an ornate mirror, indicating that the setting is designed to showcase both functionality and artistic flair. The combination of traditional and contemporary elements suggests a harmonious blend of styles. The ambiance indicates a comfortable space that caters to personal photoshoots and moments shared within the household."
